0,CombatZoneResizeInstant,239,226,404,391,;,,
0,HeartTeleport,360,304,;,,,,
0,SansText,Ready?,,;,,,,
0,HeartMode,1,;,,,,,
0,HeartMaxFallSpeed,0,,;,,,,
0,BoneHRepeat,239,226,90,1,100,10,100;
0,BoneHRepeat,324,391,90,3,100,10,100;
0,SansSlam,0,;,,,,,
0.5,SansSlam,1,;,,,,,
0.5,SansSlam,0,;,,,,,
0.5,SansSlam,1,;,,,,,
0.5,SansSlam,0,;,,,,,
0.5,SansSlam,1,;,,,,,
0.5,SansSlam,0,;,,,,,
0.5,SansSlam,1,;,,,,,
0.5,SansSlam,0,;,,,,,
0.5,SansSlam,1,;,,,,,
0.5,SansSlam,0,;,,,,,
0.5,SansSlam,1,;,,,,,
0.5,SansSlam,0,;,,,,,
0.5,SansSlam,1,;,,,,,
0.5,SansSlam,0,;,,,,,
0.5,SansSlam,1,;,,,,,
0.5,SansSlam,0,;,,,,,
0.5,SansSlam,1,;,,,,,
0.5,SansSlam,0,;,,,,,
0.5,SansSlam,1,;,,,,,