0,CombatZoneResizeInstant,239,226,404,391,;,,,
0,HeartTeleport,310,304,;,,,,,
0,HeartMode,0,;,,,,,,
0,HeartMaxFallSpeed,330,,;,,,,,
0,SansText,Ready?,,;,,,,,
0.5,GetHeartPos,HeartX,HeartY,,,,,,
0,GasterBlaster,100,100,0,$HeartX,$HeartY,$HeartX,0.2,30;
0.7,GetHeartPos,HeartX,HeartY,,,,,,
0,GasterBlaster,100,100,0,$HeartX,$HeartY,$HeartX,0.2,30;
0.7,GetHeartPos,HeartX,HeartY,,,,,,
0,GasterBlaster,100,100,0,$HeartX,$HeartY,$HeartX,0.2,30;
0.7,GetHeartPos,HeartX,HeartY,,,,,,
0,GasterBlaster,100,100,0,$HeartX,$HeartY,$HeartX,0.2,30;
0.7,GetHeartPos,HeartX,HeartY,,,,,,
0,GasterBlaster,100,100,0,$HeartX,$HeartY,$HeartX,0.2,30;
0.7,GetHeartPos,HeartX,HeartY,,,,,,
0,GasterBlaster,100,100,0,$HeartX,$HeartY,$HeartX,0.2,30;
2,BlackScreen,1,;,,,,,,
0,Sound,Flash,,;,,,,,
0.1,BlackScreen,0,;,,,,,,
0,Sound,Flash,,;,,,,,
0.5,GetHeartPos,HeartX,HeartY,,,,,,
0,GasterBlaster,100,100,0,$HeartX,$HeartY,$HeartX,0.2,30;
0.7,GetHeartPos,HeartX,HeartY,,,,,,
0,GasterBlaster,100,100,0,$HeartX,$HeartY,$HeartX,0.2,30;
0.7,GetHeartPos,HeartX,HeartY,,,,,,
0,GasterBlaster,100,100,0,$HeartX,$HeartY,$HeartX,0.2,30;
0.7,GetHeartPos,HeartX,HeartY,,,,,,
0,GasterBlaster,100,100,0,$HeartX,$HeartY,$HeartX,0.2,30;
0.7,GetHeartPos,HeartX,HeartY,,,,,,
0,GasterBlaster,100,100,0,$HeartX,$HeartY,$HeartX,0.2,30;
0.7,GetHeartPos,HeartX,HeartY,,,,,,
0,GasterBlaster,100,100,0,$HeartX,$HeartY,$HeartX,0.2,30;
2,BlackScreen,1,;,,,,,,
0,Sound,Flash,,;,,,,,
0.1,BlackScreen,0,;,,,,,,
0,Sound,Flash,,;,,,,,
0.5,GetHeartPos,HeartX,HeartY,,,,,,
0,GasterBlaster,100,100,0,$HeartX,$HeartY,$HeartX,0.2,30;
0.7,GetHeartPos,HeartX,HeartY,,,,,,
0,GasterBlaster,100,100,0,$HeartX,$HeartY,$HeartX,0.2,30;
0.7,GetHeartPos,HeartX,HeartY,,,,,,
0,GasterBlaster,100,100,0,$HeartX,$HeartY,$HeartX,0.2,30;
0.7,GetHeartPos,HeartX,HeartY,,,,,,
0,GasterBlaster,100,100,0,$HeartX,$HeartY,$HeartX,0.2,30;
0.7,GetHeartPos,HeartX,HeartY,,,,,,
0,GasterBlaster,100,100,0,$HeartX,$HeartY,$HeartX,0.2,30;
0.7,GetHeartPos,HeartX,HeartY,,,,,,
0,GasterBlaster,100,100,0,$HeartX,$HeartY,$HeartX,0.2,30;
2,BlackScreen,1,;,,,,,,
0,Sound,Flash,,;,,,,,
0.1,BlackScreen,0,;,,,,,,
0,Sound,Flash,,;,,,,,