0,SansText,Ready?,,;,,,,,
0,HeartTeleport,40,300,;,,,,,
0,SansRepeat,,;,,,,,,
0,CombatZoneResize,-10,226,650,391,;,,,
0,HeartMode,1,;,,,,,,
0,HeartMaxFallSpeed,10,;,,,,,,
0,SansSlam,0,;,,,,,,
1,BoneStab,3,60,0.5,1,;,,,
0,BoneStab,1,60,0.5,1,;,,,
1.3,BoneStab,3,30,0.5,1,;,,,
0,BoneStab,1,90,0.5,1,;,,,
1.3,BoneStab,3,60,0.5,1,;,,,
0,BoneStab,1,60,0.5,1,;,,,
1.3,BoneStab,3,90,0.5,1,;,,,
0,BoneStab,1,30,0.5,1,;,,,
1.3,GetHeartPos,HeartX,HeartY,,,,,,
0,GasterBlaster,1,100,0,500,$HeartY,180,0.3,0.3;
1.5,Sound,Ding,,;,,,,,
0,Sound,Ding,,;,,,,,
0,Sound,Ding,,;,,,,,
0,BoneVRepeat,700,361,30,2,700,200,30;,
0,GetHeartPos,HeartX,HeartY,;,,,,,
0,Platform,$HeartX,309,40,1,10,0;,,
0,Platform,$HeartX,359,40,1,10,0;,,
0,Platform,$HeartX,259,40,1,10,0;,,
0,HeartTeleport,$HeartX,289,;,,,,,
0,SansSlam,1,;,,,,,,
0,HeartMaxFallSpeed,330,;,,,,,,
2,BoneVRepeat,700,259,50,2,700,5,30;,
0,BoneVRepeat,700,309,50,2,700,5,30;,
0.7,BoneVRepeat,700,259,50,2,700,5,30;,
0,BoneVRepeat,700,209,50,2,700,5,30;,
0.7,BoneVRepeat,700,209,50,2,700,5,30;,
0,BoneVRepeat,700,309,50,2,700,5,30;,
0.7,BoneVRepeat,700,259,50,2,700,5,30;,
0,BoneVRepeat,700,209,50,2,700,5,30;,
1.2,GetHeartPos,HeartX,HeartY,;,,,,,
0,HeartTeleport,$HeartX,289,;,,,,,
0,Sound,Ding,,;,,,,,
0,Sound,Ding,,;,,,,,
0,Sound,Ding,,;,,,,,
0,BoneVRepeat,700,259,50,2,700,5,30;,
0,BoneVRepeat,700,309,50,2,700,5,30;,
0.7,BoneVRepeat,700,259,50,2,700,5,30;,
0,BoneVRepeat,700,209,50,2,700,5,30;,
0.5,GasterBlaster,2,100,0,220,150,90,0.5,1;
0.7,Platform,670,334,40,3,500,0;,,
1.5,SansSlam,0,;,,,,,,
0,HeartMaxFallSpeed,200,;,,,,,,
0,CombatZoneResize,445,226,600,391,;,,,
1.5,SansEndRepeat,;,,,,,,,
0,BoneStab,0,40,0.5,1,;,,,
0.3,HeartMaxFallSpeed,-1500,;,,,,,,
0,CombatZoneSpeed,1500,;,,,,,,
0,CombatZoneResize,10,226,600,391,;,,,
0.5,BoneStab,1,68,0.2,1,;,,,
0,BoneStab,3,68,0.2,1,;,,,
1,BlackScreen,1,;,,,,,,
0,Sound,Flash,,;,,,,,
0.2,BlackScreen,0,;,,,,,,
0,Sound,Flash,,;,,,,,
0,SansX,454,;,,,,,,
0,SansHead,NoEyes,,;,,,,,
0,SansTorso,Default,,;,,,,,
0,CombatZoneResizeInstant,239,226,404,391,;,,,
0,HeartMaxFallSpeed,330,;,,,,,,
0,HeartTeleport,259,246,;,,,,,
0,SansSlam,2,;,,,,,,
0,BoneStab,2,40,0.5,5,;,,,
0,BoneStab,3,40,0.5,5,;,,,
0.8,BlackScreen,1,;,,,,,,
0,Sound,Flash,,;,,,,,
0.2,BlackScreen,0,;,,,,,,
0,Sound,Flash,,;,,,,,
0,SansX,189,;,,,,,,
0,HeartTeleport,384,371,;,,,,,
0,SansSlam,0,;,,,,,,
0,BoneStab,0,40,0.5,5,;,,,
0,BoneStab,1,40,0.5,5,;,,,
0.8,BlackScreen,1,;,,,,,,
0,Sound,Flash,,;,,,,,
0.2,BlackScreen,0,;,,,,,,
0,Sound,Flash,,;,,,,,
0,SansX,320,;,,,,,,
0,HeartTeleport,384,246,;,,,,,
0,SansSlam,3,;,,,,,,
0,BoneStab,3,40,0.5,5,;,,,
0,BoneStab,0,40,0.5,5,;,,,
0.8,BlackScreen,1,;,,,,,,
0,Sound,Flash,,;,,,,,
0.2,BlackScreen,0,;,,,,,,
0,Sound,Flash,,;,,,,,
0,HeartTeleport,310,304,;,,,,,
0,HeartMode,0,;,,,,,,
0,SansX,189,;,,,,,,
0,GasterBlaster,1,100,0,321,126,90,0.2,5;
0,GasterBlaster,1,100,0,321,491,270,0.2,5;
0,GasterBlaster,1,100,0,139,309,360,0.2,5;
0,GasterBlaster,1,100,0,504,309,180,0.2,5;
0.8,BlackScreen,1,;,,,,,,
0,Sound,Flash,,;,,,,,
0.2,BlackScreen,0,;,,,,,,
0,Sound,Flash,,;,,,,,
0,SansX,320,;,,,,,,
0,HeartTeleport,310,304,;,,,,,
0,BoneStab,1,20,0,10,;,,,
0,BoneStab,2,20,0,10,;,,,
0,BoneStab,3,20,0,10,;,,,
0,BoneStab,0,20,0,10,;,,,
0,GasterBlaster,100,100,0,322,309,180,0.15,0.15;
0.15,GasterBlaster,100,100,0,322,309,202.5,0.15,0.15;
0.15,GasterBlaster,100,100,0,322,309,225,0.15,0.15;
0.15,GasterBlaster,100,100,0,322,309,247.5,0.15,0.15;
0.15,GasterBlaster,100,100,0,322,309,270,0.15,0.15;
0.15,GasterBlaster,100,100,0,322,309,292.5,0.15,0.15;
0.15,GasterBlaster,100,100,0,322,309,315,0.15,0.15;
0.15,GasterBlaster,100,100,0,322,309,337.5,0.15,0.15;
0.15,GasterBlaster,100,100,0,322,309,360,0.15,0.15;
0.15,GasterBlaster,100,100,0,322,309,22.5,0.15,0.15;
0.15,GasterBlaster,100,100,0,322,309,45,0.15,0.15;
0.15,GasterBlaster,100,100,0,322,309,67.5,0.15,0.15;
0.15,GasterBlaster,100,100,0,322,309,90,0.15,0.15;
0.15,GasterBlaster,100,100,0,322,309,112.5,0.15,0.15;
0.15,GasterBlaster,100,100,0,322,309,135,0.15,0.15;
0.15,GasterBlaster,100,100,0,322,309,157.5,0.15,0.15;
0.15,GasterBlaster,100,100,0,322,309,180,0.15,0.15;
0,BoneV,700,226,165,2,150,1;,,
0.15,GasterBlaster,100,100,0,322,309,202.5,0.15,0.15;
0.15,GasterBlaster,100,100,0,322,309,225,0.15,0.15;
0.15,GasterBlaster,100,100,0,322,309,247.5,0.15,0.15;
0.15,GasterBlaster,100,100,0,322,309,270,0.15,0.15;
0.15,GasterBlaster,100,100,0,322,309,292.5,0.15,0.15;
0.15,GasterBlaster,100,100,0,322,309,315,0.15,0.15;
0.15,GasterBlaster,100,100,0,322,309,337.5,0.15,0.15;
0.15,GasterBlaster,100,100,0,322,309,360,0.15,0.15;
0.15,GasterBlaster,100,100,0,322,309,22.5,0.15,0.15;
0.15,GasterBlaster,100,100,0,322,309,45,0.15,0.15;
0.15,GasterBlaster,100,100,0,322,309,67.5,0.15,0.15;
0.15,GasterBlaster,100,100,0,322,309,90,0.15,0.15;
0.15,GasterBlaster,100,100,0,322,309,112.5,0.15,0.15;
0.15,GasterBlaster,100,100,0,322,309,135,0.15,0.15;
0.15,GasterBlaster,100,100,0,322,309,157.5,0.15,0.15;
0.15,GasterBlaster,100,100,0,322,309,180,0.15,0.15;
0,BoneV,700,226,165,2,150,1;,,
0.15,GasterBlaster,100,100,0,322,309,202.5,0.15,0.15;
0.15,GasterBlaster,100,100,0,322,309,225,0.15,0.15;
0.15,GasterBlaster,100,100,0,322,309,247.5,0.15,0.15;
0.15,GasterBlaster,100,100,0,322,309,270,0.15,0.15;
0.15,GasterBlaster,100,100,0,322,309,292.5,0.15,0.15;
0.15,GasterBlaster,100,100,0,322,309,315,0.15,0.15;
0.15,GasterBlaster,100,100,0,322,309,337.5,0.15,0.15;
0.15,GasterBlaster,100,100,0,322,309,360,0.15,0.15;
0.15,GasterBlaster,100,100,0,322,309,22.5,0.15,0.15;
0.15,GasterBlaster,100,100,0,322,309,45,0.15,0.15;
0.15,GasterBlaster,100,100,0,322,309,67.5,0.15,0.15;
0.15,GasterBlaster,100,100,0,322,309,90,0.15,0.15;
0.15,GasterBlaster,100,100,0,322,309,112.5,0.15,0.15;
0.15,GasterBlaster,100,100,0,322,309,135,0.15,0.15;
0.15,GasterBlaster,100,100,0,322,309,157.5,0.15,0.15;
0.15,GasterBlaster,100,100,0,322,309,180,0.15,0.15;
0,BoneV,700,226,165,2,150,1;,,
0.15,GasterBlaster,100,100,0,322,309,202.5,0.15,0.15;
0.15,GasterBlaster,100,100,0,322,309,225,0.15,0.15;
0.15,GasterBlaster,100,100,0,322,309,247.5,0.15,0.15;
0.15,GasterBlaster,100,100,0,322,309,270,0.15,0.15;
0.15,GasterBlaster,100,100,0,322,309,292.5,0.15,0.15;
0.15,GasterBlaster,100,100,0,322,309,315,0.15,0.15;
0.15,GasterBlaster,100,100,0,322,309,337.5,0.15,0.15;
0.15,GasterBlaster,100,100,0,322,309,360,0.15,0.15;
0.15,GasterBlaster,100,100,0,322,309,22.5,0.15,0.15;
0.15,GasterBlaster,100,100,0,322,309,45,0.15,0.15;
0.15,GasterBlaster,100,100,0,322,309,67.5,0.15,0.15;
0.15,GasterBlaster,100,100,0,322,309,90,0.15,0.15;
0.15,GasterBlaster,100,100,0,322,309,112.5,0.15,0.15;
0.15,GasterBlaster,100,100,0,322,309,135,0.15,0.15;
0.15,GasterBlaster,100,100,0,322,309,157.5,0.15,0.15;
0.15,GasterBlaster,100,100,0,322,309,180,0.15,0.15;