0,CombatZoneResizeInstant,239,226,404,391,;
0,HeartTeleport,310,304,;,,
0,HeartMode,1,,,,
0,SansText,Ready?,,;,,
0.2,SansSlam,3,;,,,
0,SansBody,HandUp,;,,,
0.4,BoneStab,3,35,0.01,0.05,;
0,BoneStab,1,95,0.01,0.05,;
0.2,SansSlam,0,;,,,
0,SansBody,HandRight,;,,,
0.3,BoneStab,0,35,0.01,0.05,;
0,BoneStab,2,95,0.01,0.05,;
0.2,SansSlam,1,;,,,
0,SansBody,HandDown,;,,,
0.3,BoneStab,1,35,0.01,0.05,;
0,BoneStab,3,95,0.01,0.05,;
0.2,SansSlam,3,;,,,
0,SansBody,HandUp,;,,,
0.3,BoneStab,3,35,0.01,0.05,;
0,BoneStab,1,95,0.01,0.05,;
0.2,SansSlam,2,;,,,
0,SansBody,HandLeft,;,,,
0.3,BoneStab,2,35,0.01,0.05,;
0,BoneStab,0,95,0.01,0.05,;
0.2,SansSlam,3,;,,,
0,SansBody,HandUp,;,,,
0.3,BoneStab,3,35,0.01,0.05,;
0,BoneStab,1,95,0.01,0.05,;
0.2,SansSlam,0,;,,,
0,SansBody,HandRight,;,,,
0.3,BoneStab,0,35,0.01,0.05,;
0,BoneStab,2,95,0.01,0.05,;
0.2,SansSlam,3,;,,,
0,SansBody,HandUp,;,,,
0.3,BoneStab,3,35,0.01,0.05,;
0,BoneStab,1,95,0.01,0.05,;
0.2,SansSlam,1,;,,,
0,SansBody,HandDown,;,,,
0.3,BoneStab,1,35,0.01,0.05,;
0,BoneStab,3,95,0.01,0.05,;
0.2,SansSlam,0,;,,,
0,SansBody,HandRight,;,,,
0.3,BoneStab,0,35,0.01,0.05,;
0,BoneStab,2,95,0.01,0.05,;
0.2,SansSlam,1,;,,,
0,SansBody,HandDown,;,,,
0.3,BoneStab,1,35,0.01,0.05,;
0,BoneStab,3,95,0.01,0.05,;