0,CombatZoneResizeInstant,239,226,404,391,;,,,
0,HeartTeleport,310,304,;,,,,,
0,SansText,Ready?,,;,,,,,
0,SansX,454,;,,,,,,
0,BoneV,279,226,276,0,0,0;,,
0,BoneV,344,226,276,0,0,3;,,
0,GasterBlaster,1,100,0,317,441,270,0.1,0.3;
0.8,BlackScreen,1,;,,,,,,
0,Sound,Flash,,;,,,,,
0.2,BlackScreen,0,;,,,,,,
0,Sound,Flash,,;,,,,,
0,HeartTeleport,310,304,;,,,,,
0,SansX,189,;,,,,,,
0,BoneV,279,226,276,0,0,3;,,
0,BoneV,344,226,276,0,0,0;,,
0,GasterBlaster,1,100,0,317,441,270,0.1,0.3;
0.8,BlackScreen,1,;,,,,,,
0,Sound,Flash,,;,,,,,
0.2,BlackScreen,0,;,,,,,,
0,Sound,Flash,,;,,,,,
0,HeartTeleport,310,304,;,,,,,
0,SansX,189,;,,,,,,
0,BoneV,279,226,276,0,0,3;,,
0,BoneV,344,226,276,0,0,0;,,
0,GasterBlaster,1,100,0,317,441,270,0.1,0.3;
0.8,BlackScreen,1,;,,,,,,
0,Sound,Flash,,;,,,,,
0.2,BlackScreen,0,;,,,,,,
0,Sound,Flash,,;,,,,,
0,HeartTeleport,310,304,;,,,,,
0,SansX,454,;,,,,,,
0,BoneV,279,226,276,0,0,0;,,
0,BoneV,344,226,276,0,0,3;,,
0,GasterBlaster,1,100,0,317,441,270,0.1,0.3;
0.8,BlackScreen,1,;,,,,,,
0,Sound,Flash,,;,,,,,
0.2,BlackScreen,0,;,,,,,,
0,Sound,Flash,,;,,,,,
0,HeartTeleport,310,304,;,,,,,
0,SansX,189,;,,,,,,
0,BoneV,279,226,276,0,0,3;,,
0,BoneV,344,226,276,0,0,0;,,
0,GasterBlaster,1,100,0,317,441,270,0.1,0.3;
0.8,BlackScreen,1,;,,,,,,
0,Sound,Flash,,;,,,,,
0.2,BlackScreen,0,;,,,,,,
0,Sound,Flash,,;,,,,,
0,HeartTeleport,310,304,;,,,,,
0,SansX,454,;,,,,,,
0,BoneV,279,226,276,0,0,0;,,
0,BoneV,344,226,276,0,0,3;,,
0,GasterBlaster,1,100,0,317,441,270,0.1,0.3;